27/10/2020,           TRANSFER            UPI20201027000083907            030123740786 Master YOGESH ASHOK BHALERAO 918828351117 mdnshetty64@okaxis yogeshbha006@okaxis UPI U@0515383 SYSTEM GENERATED,300.00,"258,562.47"
26/10/2020,           TRANSFER            UPI20201026000274475            030023860472 AZIMUDDIN ALAUDDIN KHAN 918828352707 mdnshetty64@okaxis azim41444@okhdfcbank UPI U@0552325 SYSTEM GENERATED,963.00,"258,262.47"
26/10/2020,           TRANSFER            UPI20201026000273701            030023291075 NILESH SUDHAKAR GAWAI 919920335112 q34013978@ybl ng9861361@okaxis UPI U@0151676 SYSTEM GENERATED,50.00,"257,299.47"
26/10/2020,           TRANSFER            UPI20201026000273078            030022774422 SANJAY BANSHI SHINDE 919833397741 mdnshetty64@okaxis sanjayshinde1100@okhdfcbank UPI U@0452594 SYSTEM GENERATED,460.00,"257,249.47"
26/10/2020,           TRANSFER            UPI20201026000272796            030064385288 NARESH TELI 919987450490 Q34013978@ybl 9987450490@ybl Payment from PhonePe U@0253566 SYSTEM GENERATED,120.00,"256,789.47"
26/10/2020,           TRANSFER            UPI20201026000227189            030014354461 BHUSHAN ASHOK SARFARE 919930092790 q34013978@ybl bhushansarfare121@oksbi UPI U@0244334 SYSTEM GENERATED,637.00,"256,669.47"
26/10/2020,           TRANSFER            UPI20201026000218527            030017447506 PRAVIN SUBHASH SHINDE 918850814202 Q34013978@ybl 8850814202@ybl Payment from PhonePe U@0341039 SYSTEM GENERATED,292.00,"256,032.47"
26/10/2020,           TRANSFER            UPI20201026000188579            030001322096 SACHIN BHALCHANDRA CHAVAN 918108639763 mdnshetty64@okaxis sanjivanichavan.hst@okicici UPI U@0535482 SYSTEM GENERATED,20.00,"255,740.47"
26/10/2020,           TRANSFER            UPI20201026000188356            030043835055 NARESH TELI 919987450490 Q34013978@ybl 9987450490@ybl Payment from PhonePe U@0436448 SYSTEM GENERATED,170.00,"255,720.47"
26/10/2020,           TRANSFER            UPI20201026000187728            030079543292 VISHAL ASHOK CHAUTELE 917700079503 Q34013978@ybl 7700079503@ybl Payment from PhonePe U@0237256 SYSTEM GENERATED,200.00,"255,550.47"
26/10/2020,           TRANSFER            UPI20201026000187715            030000270699 RAJIV KUMAR SURYABAL RAM 919167747269 q34013978@ybl rajivkumarsuryavansh9167@okicici s U@0535293 SYSTEM GENERATED,130.00,"255,350.47"
26/10/2020,           TRANSFER            UPI20201026000187205            030000245219 AKSHAY A NAIR 919892221395 q34013978@ybl ganeshmotor112@okicici UPI U@0237175 SYSTEM GENERATED,390.00,"255,220.47"
26/10/2020,           TRANSFER            UPI20201026000186637            029923214390 NARESH GOVIND POOJARY 919967750410 q34013978@ybl nareshpoojary2010@okicici UPI U@0237114 SYSTEM GENERATED,"1,200.00","254,830.47"
26/10/2020,           TRANSFER            UPI20201026000186573            029967175875 Rahul Shankar Thakur 918454878427 Q34013978@ybl 8454878427@ybl Payment from PhonePe U@0436171 SYSTEM GENERATED,230.00,"253,630.47"
26/10/2020,           TRANSFER            UPI20201026000186488            029923718921 ANKUSH SUBHASH KHUNE CHEST 722 918108478185 q34013978@ybl khuneankush1234@okaxis UPI U@0334939 SYSTEM GENERATED,340.00,"253,400.47"
26/10/2020,           TRANSFER            UPI20201026000186422            029918692272 YOGESH BALIRAM THORAT 919594550260 Q34013978@ybl 9594550260@ybl Payment from PhonePe U@0436161 SYSTEM GENERATED,480.00,"253,060.47"
26/10/2020,           TRANSFER            UPI20201026000186302            029923190633 SACHIN BHALCHANDRA CHAVAN 918108639763 mdnshetty64@okaxis sanjivanichavan.hst@okicici UPI U@0534988 SYSTEM GENERATED,180.00,"252,580.47"
26/10/2020,           TRANSFER            UPI20201026000185971            029969125721 Mrs CHITRA PRAMOD SAKPAL 919967179118 9322268331@ybl chitraghadge@ybl Payment from PhonePe U@0135774 SYSTEM GENERATED,140.00,"252,400.47"
26/10/2020,           TRANSFER            UPI20201026000185116            029923016787 VIJAY BABAN CHANDANSHIVE 917506024798 q34013978@ybl vijaychandanshive1234@oksbi UPI U@0236723 SYSTEM GENERATED,180.00,"252,260.47"
26/10/2020,           TRANSFER            UPI20201026000185109            029923100918 SUSHANT SHARAD JADHAV 919372766202 q34013978@ybl sushantjadhav570@okicici UPI U@0534786 SYSTEM GENERATED,"1,260.00","252,080.47"
26/10/2020,           TRANSFER            UPI20201026000184976            029923089876 MR RUSHAB PRAKASH ASHTIKA 918452880526 q34013978@ybl srishab240@okicici Gift U@0534705 SYSTEM GENERATED,200.00,"250,820.47"
26/10/2020,           TRANSFER            UPI20201026000182442            029922426359 VINODKUMAR VISHWAKARMA 919870813279 q34013978@ybl vinodvishwakarma402@okicici UPI U@0435303 SYSTEM GENERATED,220.00,"250,620.47"
26/10/2020,           TRANSFER            UPI20201026000180830            029921767847 JEETENDRA RAMESH BEHERA 919967917834 q34013978@ybl jeetendra.220490-1@oksbi UPI U@0134981 SYSTEM GENERATED,70.00,"250,400.47"
26/10/2020,           TRANSFER            UPI20201026000179898            029921386934 DIPAK ANKUSH BABAR 918828239836 q34013978@ybl dbabar592@okaxis UPI U@0235544 SYSTEM GENERATED,180.00,"250,330.47"
26/10/2020,           TRANSFER            UPI20201026000178375            029921985821 SWAPNIL SHRIPATI SUTAR 919763863859 q34013978@ybl 99swapnilsutar@okhdfcbank UPI U@0235231 SYSTEM GENERATED,251.00,"250,150.47"
26/10/2020,           TRANSFER            UPI20201026000170240            029970359384 JIWAN MAHADEO SALUNKHE 918169702047 Q34013978@ybl 8169702047@ybl Payment from PhonePe U@0233567 SYSTEM GENERATED,271.00,"249,899.47"
26/10/2020,           TRANSFER            UPI20201026000102258            029826293214 MARUTI SHIVAJI NAIKAWADI 919594966060 Q34013978@ybl 9594966060@ybl Payment from PhonePe U@0318761 SYSTEM GENERATED,200.00,"249,628.47"
26/10/2020,           TRANSFER            UPI20201026000101879            029880297718 ROHIT JAYPAL CHAUHAN 919702156515 Q34013978@ybl 9702156515@ybl Payment from PhonePe U@0419586 SYSTEM GENERATED,430.00,"249,428.47"
26/10/2020,           TRANSFER            UPI20201026000101516            029823009806 SAMADHAN PRALADH YAMGAR 919594075424 q34013978@ybl yamgar.sam-1@okicici Barr U@0318657 SYSTEM GENERATED,200.00,"248,998.47"
26/10/2020,           TRANSFER            UPI20201026000101101            029828396638 Mr SHIVA GHANSHYAM KOTPALLIWAR 919511846635 Q34013978@ybl 9511846635@ybl Payment from PhonePe U@0119636 SYSTEM GENERATED,"1,280.00","248,798.47"
26/10/2020,           TRANSFER            UPI20201026000101084            029823666191 PANKAJKUMAR  CHAURASIA 919004956523 q34013978@ybl pankajkumar76550-1@oksbi UPI U@0119625 SYSTEM GENERATED,100.00,"247,518.47"
26/10/2020,           TRANSFER            UPI20201026000101051            029823665669 PANKAJKUMAR   CHAURASIA 919004956523 q34013978@ybl pankajkumar76550@oksbi UPI U@0519200 SYSTEM GENERATED,300.00,"247,418.47"
26/10/2020,           TRANSFER            UPI20201026000100018            029881869952 NARESH TELI 919987450490 Q34013978@ybl 9987450490@ybl Payment from PhonePe U@0119534 SYSTEM GENERATED,120.00,"247,118.47"
26/10/2020,           TRANSFER            UPI20201026000099245            029822719209 NILESH SUDHAKAR GAWAI 919920335112 q34013978@ybl ng9861361@okaxis Bill pead U@0518797 SYSTEM GENERATED,300.00,"246,998.47"
26/10/2020,           TRANSFER            UPI20201026000099128            029843426617 VINAYAK D PATIL 919892569898 Q34013978@ybl patilvinayak10@ybl Payment from PhonePe U@0220494 SYSTEM GENERATED,270.00,"246,698.47"
26/10/2020,           TRANSFER            UPI20201026000091303            029821267197 AJIT WAGHMARE 919004300397 q34013978@ybl ajitwaghmare99@okicici UPI U@0417794 SYSTEM GENERATED,240.00,"246,428.47"
26/10/2020,           TRANSFER            UPI20201026000078946            029819366736 Mr ANAND K SINGH GUHER 918369532424 q34013978@ybl anandguher57@okicici UPI U@0114765 SYSTEM GENERATED,80.00,"246,188.47"
26/10/2020,           TRANSFER            UPI20201026000056189            029816453149 Mr ANAND K SINGH GUHER 918369532424 q34013978@ybl anandguher57@okicici UPI U@0510979 SYSTEM GENERATED,140.00,"246,108.47"
26/10/2020,           TRANSFER            UPI20201026000043703            029836731486 VILAS 919892734990 Q34013978@ybl 9892734990@ybl Payment from PhonePe U@0208853 SYSTEM GENERATED,456.00,"245,968.47"
26/10/2020,           TRANSFER            UPI20201026000033622            029883252204 KUNDLIK SHANKAR SAHANE 919503405846 9322268331@ybl 9503405846@ybl Payment from PhonePe U@0306049 SYSTEM GENERATED,"1,000.00","245,512.47"
26/10/2020,           TRANSFER            UPI20201026000000409            029811252152 Mr ABDUL HANNAN MAJID KHAN 919833222140 Q34013978@ybl 9833222140@paytm NA U@0100054 SYSTEM GENERATED,200.00,"244,512.47"
23/10/2020,           TRANSFER            UPI20201023000099571            029821414542 Mr SATISH KISAN PAWAR 918879414168 Q34013978@ybl 8879414168@ybl Payment from PhonePe U@0418115 SYSTEM GENERATED,200.00,"244,312.47"
23/10/2020,           TRANSFER            UPI20201023000098977            029723986121 KIRAN KISHAN NAYAK 919137079280 q34013978@ybl nayakkiran1987@okhdfcbank UPI U@0118464 SYSTEM GENERATED,500.00,"244,112.47"
23/10/2020,           TRANSFER            UPI20201023000098830            029768298490 Mrs CHITRA PRAMOD SAKPAL 919967179118 9322268331@ybl chitraghadge@ybl Payment from PhonePe U@0519314 SYSTEM GENERATED,140.00,"243,612.47"
23/10/2020,           TRANSFER            UPI20201023000096657            029722859114 SINGH AJAYPAL VIJAYPAL 919619763351 mdnshetty64@okaxis singhajaypal28031995@okhdfcbank UPI U@0417515 SYSTEM GENERATED,500.00,"243,472.47"
23/10/2020,           TRANSFER            UPI20201023000096590            029722066169 NILESH SUDHAKAR GAWAI 919920335112 q34013978@ybl ng9861361@okaxis Biil pead U@0417478 SYSTEM GENERATED,360.00,"242,972.47"
23/10/2020,           TRANSFER            UPI20201023000096219            029791871387 RAJESH KUMAR PATEL 919833068499 Q34013978@ybl 9833068499@ybl Payment from PhonePe U@0318597 SYSTEM GENERATED,230.00,"242,612.47"
23/10/2020,           TRANSFER            UPI20201023000095917            029717380052 NARESH TELI 919987450490 Q34013978@ybl 9987450490@ybl Payment from PhonePe U@0417406 SYSTEM GENERATED,140.00,"242,382.47"
23/10/2020,           TRANSFER            UPI20201023000095873            029737890381 RAJU SOMNATH SABALE 919768379450 Q34013978@ybl 9768379450@ybl Payment from PhonePe U@0318565 SYSTEM GENERATED,600.00,"242,242.47"
23/10/2020,           TRANSFER            UPI20201023000095670            029714598525 RUPESH ROHIDAS SONAWANE 919769031213 Q34013978@ybl rupeshsonawane3@ybl rupesh U@0219708 SYSTEM GENERATED,170.00,"241,642.47"
23/10/2020,           TRANSFER            UPI20201023000095295            029722783967 SUNIL BHIMRAO BANSODE 919833223512 q34013978@ybl bsunil160@okhdfcbank Shopping U@0318425 SYSTEM GENERATED,360.00,"241,472.47"
23/10/2020,           TRANSFER            UPI20201023000094665            029722293756 AJIT WAGHMARE 919004300397 q34013978@ybl ajitwaghmare99@okicici UPI U@0518432 SYSTEM GENERATED,280.00,"241,112.47"
23/10/2020,           TRANSFER            UPI20201023000093128            029708673695 VIKAS RAMDAS KOLEKAR 919594877433 Q34013978@ybl 9594877433@ybl Payment from PhonePe U@0416846 SYSTEM GENERATED,296.00,"240,832.47"
23/10/2020,           TRANSFER            UPI20201023000091919            029721195186 SACHIN R DHENGYA 919930288101 q34013978@ybl sdhengya@okaxis UPI U@0317477 SYSTEM GENERATED,100.00,"240,536.47"
23/10/2020,           TRANSFER            UPI20201023000091538            029737153457 HARIBA S KHANDEKAR 919321743710 Q34013978@ybl 9321743710@ybl Payment from PhonePe U@0517878 SYSTEM GENERATED,180.00,"240,436.47"
23/10/2020,           TRANSFER            UPI20201023000090022            029720035455 AKASHAY ARUN BHINGARDEVE 918898207391 Q34013978@ybl akshayas420535@ybl Payment from PhonePe U@0116887 SYSTEM GENERATED,350.00,"240,256.47"
23/10/2020,           TRANSFER            UPI20201023000080383            029720935449 NITIN  KUMAR 919619422990 q34013978@ybl nitinmassey54253@oksbi Nitin U@0415206 SYSTEM GENERATED,500.00,"239,906.47"
23/10/2020,           TRANSFER            UPI20201023000054225            029716063905 NARESH GOVIND POOJARY 919967750410 q34013978@ybl nareshpoojary2010@okicici UPI U@0110096 SYSTEM GENERATED,120.00,"239,406.47"
23/10/2020,           TRANSFER            UPI20201023000029827            029713372833 SHAHID ABBAS SAYED 919821027289 mdnshetty64@okaxis shahid.abbas889@okaxis UPI U@0505453 SYSTEM GENERATED,"2,000.00","239,286.47"
22/10/2020,           TRANSFER            UPI20201022000076950            029622710984 MANOJ SHRIRAM VISHWAKARMA 918976193735 q34013978@ybl manojvishwakarma01757@okhdfcbank UPI U@0115270 SYSTEM GENERATED,687.00,"237,286.47"
22/10/2020,           TRANSFER            UPI20201022000076410            029622160172 SANDEEP UTTAM BODAKE 919920686204 q34013978@ybl sandeeptoursandtravels04@oksbi UPI U@0214373 SYSTEM GENERATED,130.00,"236,599.47"
22/10/2020,           TRANSFER            UPI20201022000072294            029675888505 NIRANJAN MEVALAL VIND 919653284523 Q34013978@ybl 9653284523@ybl Payment from PhonePe U@0114460 SYSTEM GENERATED,200.00,"236,469.47"
22/10/2020,           TRANSFER            UPI20201022000064302            029620478575 NAVIN RAVINDRA PAWAR 918082588471 q34013978@ybl navinpawar1960@okaxis UPI U@0311476 SYSTEM GENERATED,737.00,"236,269.47"
22/10/2020,           TRANSFER            UPI20201022000064058            029620450184 Mr ANAND K SINGH GUHER 918369532424 q34013978@ybl anandguher57@okicici UPI U@0511745 SYSTEM GENERATED,20.00,"235,532.47"
22/10/2020,           TRANSFER            UPI20201022000064004            029620444177 Mr ANAND K SINGH GUHER 918369532424 q34013978@ybl anandguher57@okicici UPI U@0311432 SYSTEM GENERATED,230.00,"235,512.47"
22/10/2020,           TRANSFER            UPI20201022000060679            029619304935 VICKY SHRAVAN PANDAGALE 918879362902 q34013978@ybl bvgvicky@kotak NA U@0310849 SYSTEM GENERATED,474.00,"235,282.47"
22/10/2020,           TRANSFER            UPI20201022000055425            029625043862 VISHAL  DEVGHARE 918928697823 Q34013978@ybl 8928697823@ybl Tp U@0410783 SYSTEM GENERATED,460.00,"234,808.47"
22/10/2020,           TRANSFER            UPI20201022000048843            029617597162 SANDEEP UTTAM BODAKE 919920686204 q34013978@ybl sandeeptoursandtravels04@oksbi UPI U@0509084 SYSTEM GENERATED,170.00,"234,348.47"
22/10/2020,           TRANSFER            UPI20201022000027824            029610303600 PURVA PRAVIN SHINDE 918850814202 Q34013978@ybl 8850814202@ybl Payment from PhonePe U@0505046 SYSTEM GENERATED,277.00,"234,178.47"
21/10/2020,           TRANSFER            UPI20201021000082803            029643870332 KAMLESH SOPAN WAGH 917977931867 Q34013978@ybl 7977931867@ybl Payment from PhonePe U@0115683 SYSTEM GENERATED,170.00,"233,901.47"
21/10/2020,           TRANSFER            UPI20201021000081340            029523572425 SANDEEP UTTAM BODAKE 919920686204 q34013978@ybl sandeeptoursandtravels04@oksbi UPI U@0115436 SYSTEM GENERATED,400.00,"233,731.47"
21/10/2020,           TRANSFER            UPI20201021000080991            029523630434 SAROJ KUMAR ARYA 918268880161 q34013978@ybl aryanrawat977-1@okhdfcbank UPI U@0115324 SYSTEM GENERATED,606.00,"233,331.47"
21/10/2020,           TRANSFER            UPI20201021000079824            029522454475 MD SOHAIL  ANSARI 918961170011 mdnshetty64@okaxis ansarisohail3493@oksbi Jawed U@0115056 SYSTEM GENERATED,180.00,"232,725.47"
21/10/2020,           TRANSFER            UPI20201021000079108            029522506242 MR JOHNPREET MOHARSINGH JAIN 919821537940 q34013978@ybl johnpreetjain89-1@okhdfcbank UPI U@0214700 SYSTEM GENERATED,150.00,"232,545.47"
21/10/2020,           TRANSFER            UPI20201021000078826            029522248666 Mr ANAND K SINGH GUHER 918369532424 q34013978@ybl anandguher57@okicici UPI U@0603570 SYSTEM GENERATED,110.00,"232,395.47"
21/10/2020,           TRANSFER            UPI20201021000075949            029533743547 SAGAR SURWADE 917304255820 Q34013978@ybl 7304255820@ybl Payment from PhonePe U@0214147 SYSTEM GENERATED,"1,111.00","232,285.47"
21/10/2020,           TRANSFER            UPI20201021000075346            029529726150 PATIL  PRAVIN DINKAR 919144128834 Q34013978@ybl 9144128834@ybl Payment from PhonePe U@0214049 SYSTEM GENERATED,"1,177.00","231,174.47"
21/10/2020,           TRANSFER            UPI20201021000072801            029521077279 DINESH MAHADEV SHINDE 919408778751 q34013978@ybl dineshlove2win@okhdfcbank UPI U@0113652 SYSTEM GENERATED,559.00,"229,997.47"
21/10/2020,           TRANSFER            UPI20201021000070560            029520499651 Mr ANAND K SINGH GUHER 918369532424 q34013978@ybl anandguher57@okicici UPI U@0513810 SYSTEM GENERATED,120.00,"229,438.47"
21/10/2020,           TRANSFER            UPI20201021000070180            029520465564 Mr MAHESH SUBHASH KHOSTEY 918767434232 q34013978@ybl maheshkhostey73@okicici UPI U@0213103 SYSTEM GENERATED,"1,238.00","229,318.47"
21/10/2020,           TRANSFER            UPI20201021000069685            029520766462 JITESH UMASHANKAR JAISWAR 918850086059 q34013978@ybl jaisawarjitesh@okaxis UPI U@0113322 SYSTEM GENERATED,342.00,"228,080.47"
21/10/2020,           TRANSFER            UPI20201021000067054            029520951080 VISHAL MASKAR 918108988921 Q34013978@ybl 8108988921@apl UPI U@0212358 SYSTEM GENERATED,"1,078.00","227,738.47"
21/10/2020,           TRANSFER            UPI20201021000063151            029579311319 SHINGOTE POPAT DATTATRAYA 918652649248 Q34013978@ybl 8652649248@ybl Payment from PhonePe U@0312463 SYSTEM GENERATED,439.00,"226,660.47"
21/10/2020,           TRANSFER            UPI20201021000042996            029569907814 Mr DEEP JYOTI BORAH 918433589545 Q34013978@ybl 8433589545@paytm NA U@0108327 SYSTEM GENERATED,655.00,"226,221.47"
21/10/2020,           TRANSFER            UPI20201021000038589            029588803964 AMIT ANANDA YADAV 919619408202 Q34013978@ybl 9619408202@ybl Hi U@0507462 SYSTEM GENERATED,130.00,"225,566.47"
21/10/2020,           TRANSFER            UPI20201021000036042            029524400250 VIKRAM RAMCHANDRA HULWAN 919970594899 Q34013978@ybl 9970594899@ybl Payment from PhonePe U@0106873 SYSTEM GENERATED,170.00,"225,436.47"
21/10/2020,           TRANSFER            UPI20201021000035225            029583607668 BHOSALE SUSHANK SHASHIKANT 917039530676 Q34013978@ybl 7039530676@ybl Payment from PhonePe U@0307053 SYSTEM GENERATED,560.00,"225,266.47"
21/10/2020,           TRANSFER            UPI20201021000031793            029513449899 billdesktez ICIC0000555/919322268331 UPI U@0306000 SYSTEM GENERATED,"-2,490.00","224,706.47"
21/10/2020,           TRANSFER            UPI20201021000031710            029513428448 billdesktez ICIC0000555/919322268331 UPI U@0506279 SYSTEM GENERATED,"-22,790.00","227,196.47"
20/10/2020,           TRANSFER            UPI20201020000079328            029548410865 AKSHAY RAGHUNATH CHAVAN 917304753189 Q34013978@ybl 7304753189@ybl Payment from PhonePe U@0514654 SYSTEM GENERATED,410.00,"249,986.47"
20/10/2020,           TRANSFER            UPI20201020000078211            029423693744 VIJAY BABAN CHANDANSHIVE 917506024798 q34013978@ybl vijaychandanshive1234@oksbi UPI U@0415580 SYSTEM GENERATED,120.00,"249,576.47"
20/10/2020,           TRANSFER            UPI20201020000075703            029422469319 VIJAY BABAN CHANDANSHIVE 917506024798 q34013978@ybl vijaychandanshive1234@oksbi UPI U@0113488 SYSTEM GENERATED,250.00,"249,456.47"
20/10/2020,           TRANSFER            UPI20201020000075279            029426074695 IRSHAD AHAMAD SHAMSHAD AHAMAD SHAIK 917304152911 Q34013978@ybl irshadshakih@ybl Payment from PhonePe U@0513958 SYSTEM GENERATED,256.00,"249,206.47"
20/10/2020,           TRANSFER            UPI20201020000073061            029421169853 DURGAPRASAD RAJBHAR 918169789816 q34013978@ybl durgarajbhar16-1@okaxis UPI U@0112710 SYSTEM GENERATED,170.00,"248,950.47"
20/10/2020,           TRANSFER            UPI20201020000069485            029421031006 Mr ANAND K SINGH GUHER 918369532424 q34013978@ybl anandguher57@okicici UPI U@0214207 SYSTEM GENERATED,190.00,"248,780.47"
20/10/2020,           TRANSFER            UPI20201020000066056            029420508303 SHANKAR SAKHARAM DALVI 919552203987 q34013978@ybl shankar.dalvi1986@okaxis bill U@0213702 SYSTEM GENERATED,906.00,"248,590.47"
20/10/2020,           TRANSFER            UPI20201020000030065            029450673196 SANJAY MISHRA 919619681138 Q34013978@ybl 9619681138@paytm NA U@0406233 SYSTEM GENERATED,510.00,"247,684.47"
20/10/2020,           TRANSFER            UPI20201020000018038            029404682051 SURENDAR DEVARAJAM DIKONDA 918080336679 Q34013978@ybl 8080336679@ybl Pay U@0303302 SYSTEM GENERATED,368.00,"247,174.47"
19/10/2020,           TRANSFER            UPI20201019000169812            029323835895 VIJAY BABAN CHANDANSHIVE 917506024798 q34013978@ybl vijaychandanshive1234@oksbi UPI U@0531672 SYSTEM GENERATED,250.00,"246,806.47"
19/10/2020,           TRANSFER            UPI20201019000167993            029322683141 KUNDAN RAMKRISHNA PAWAR 918888142583 q34013978@ybl pawarkundan0@oksbi UPI U@0230433 SYSTEM GENERATED,540.00,"246,556.47"
19/10/2020,           TRANSFER            UPI20201019000166222            029317344329 MOSI  LAKHE 917387641567 Q34013978@ybl 7387641567@ybl Payment from PhonePe U@0230115 SYSTEM GENERATED,260.00,"246,016.47"
19/10/2020,           TRANSFER            UPI20201019000163158            029321159156 NARESH GOVIND POOJARY 919967750410 q34013978@ybl nareshpoojary2010@okicici UPI U@0334067 SYSTEM GENERATED,"2,050.00","245,756.47"
19/10/2020,           TRANSFER            UPI20201019000163134            029305781907 Mr VIJAY SHANKAR KHARADE 919594829098 Q34013978@ybl 9594829098@ybl Payment from PhonePe U@0431419 SYSTEM GENERATED,260.00,"243,706.47"
19/10/2020,           TRANSFER            UPI20201019000159917            029320343910 SACHIN MACHINDRA PARHAD 919867468546 q34013978@ybl sachinparahad@okicici UPI U@0228596 SYSTEM GENERATED,430.00,"243,446.47"
19/10/2020,           TRANSFER            UPI20201019000154647            029320845170 ASHISH TIWARI 917208511680 q34013978@ybl ashishtiwariashishtewari@okhdfcbank UPI U@0227769 SYSTEM GENERATED,260.00,"243,016.47"
19/10/2020,           TRANSFER            UPI20201019000135071            029316151098 VIKAS GANPATI KACHARE 919702747531 q34013978@ybl vikaskachare8@okicici UPI U@0328731 SYSTEM GENERATED,428.00,"242,756.47"
19/10/2020,           TRANSFER            UPI20201019000125713            029314778657 VISHAL PANDURANG KANK 918286911965 q34013978@ybl vishalkank4@okaxis UPI U@0423693 SYSTEM GENERATED,260.00,"242,328.47"
19/10/2020,           TRANSFER            UPI20201019000114151            029312628362 AKSHAY ASHOK YADAV 919768785596 q34013978@ybl akshaygbs1992@okaxis UPI U@0220891 SYSTEM GENERATED,391.00,"242,068.47"
19/10/2020,           TRANSFER            UPI20201019000087829            029300199129 NARESH GOVIND POOJARY 919967750410 q34013978@ybl nareshpoojary2010@okicici UPI U@0416960 SYSTEM GENERATED,400.00,"241,677.47"
19/10/2020,           TRANSFER            UPI20201019000087734            029300126238 SANTOSH DATTU PATIL 919137667074 q34013978@ybl santoshmarkin@okaxis Sheetal U@0515715 SYSTEM GENERATED,400.00,"241,277.47"
19/10/2020,           TRANSFER            UPI20201019000087700            029300119556 KAMLESH SOPAN WAGH 917977931867 mdnshetty64@okaxis kamleshwagh203-1@okaxis UPI U@0515686 SYSTEM GENERATED,190.00,"240,877.47"
19/10/2020,           TRANSFER            UPI20201019000087488            029340186544 AMRESH KUMAR SAMPAT VARMA 918355854419 Q34013978@ybl 8355854419@ybl Payment from PhonePe U@0215928 SYSTEM GENERATED,170.00,"240,687.47"
19/10/2020,           TRANSFER            UPI20201019000086920            029261830307 AJIT ARJUN INGLE 919359550384 Q34013978@ybl 9359550384@ybl Payment from PhonePe U@0215841 SYSTEM GENERATED,60.00,"240,517.47"
19/10/2020,           TRANSFER            UPI20201019000085692            029252534896 Mr SAMEER SARJAKHAN PATHAN 919702434827 Q34013978@ybl 9702434827@ybl Payment from PhonePe U@0319201 SYSTEM GENERATED,372.00,"240,457.47"
19/10/2020,           TRANSFER            UPI20201019000084489            029222375162 Mr ANKUSH GOVIND MULIK 919594536309 q34013978@ybl ankushmulik11@okaxis UPI U@0215417 SYSTEM GENERATED,220.00,"240,085.47"
19/10/2020,           TRANSFER            UPI20201019000052963            029288600236 MAYUR POPAT CHOUDHARI 919967341036 Q34013978@ybl 9967341036@ybl Payment from PhonePe U@0109622 SYSTEM GENERATED,698.00,"239,865.47"
19/10/2020,           TRANSFER            UPI20201019000035830            029214089043 Mr ANAND K SINGH GUHER 918369532424 q34013978@ybl anandguher57@okicici UPI U@0506552 SYSTEM GENERATED,286.00,"239,167.47"
19/10/2020,           TRANSFER            UPI20201019000034124            029214063526 SAGAR RAMAKANT WANKHEDE 919222112080 q34013978@ybl sagarwankhede9514@oksbi Bar U@0206089 SYSTEM GENERATED,"1,080.00","238,881.47"
19/10/2020,           TRANSFER            UPI20201019000017760            029215513361 AMAR SARJERAO PAWALE 918108909141 Q34013978@ybl sarjerao.amar1@ybl Payment from PhonePe U@0202997 SYSTEM GENERATED,560.00,"237,801.47"
17/10/2020,           TRANSFER            UPI20201017000096861            029123766182 ATISH ANIL KHARAT 917400266018 q34013978@ybl atishkharat008@okaxis UPI U@0519524 SYSTEM GENERATED,220.00,"237,241.47"
17/10/2020,           TRANSFER            UPI20201017000096614            029156463129 SACHIN BINDUSAR WASNIK 917208378994 Q34013978@ybl 7208378994@ybl Payment from PhonePe U@0519503 SYSTEM GENERATED,100.00,"237,021.47"
17/10/2020,           TRANSFER            UPI20201017000089848            029121666315 SANDEEP UTTAM BODAKE 919920686204 q34013978@ybl sandeeptoursandtravels04@oksbi UPI U@0418092 SYSTEM GENERATED,450.00,"236,921.47"
17/10/2020,           TRANSFER            UPI20201017000081352            029120081250 NARESH GOVIND POOJARY 919967750410 q34013978@ybl nareshpoojary2010@okicici UPI U@0416435 SYSTEM GENERATED,"1,200.00","236,471.47"
17/10/2020,           TRANSFER            UPI20201017000070915            029118065534 SHAWN ROZI 919819009852 q34013978@ybl shawn.rozi@okaxis UPI U@0112496 SYSTEM GENERATED,500.00,"235,271.47"
17/10/2020,           TRANSFER            UPI20201017000063448            029117846174 PRASHANT VIJAY GAONKAR 918286016749 q34013978@ybl prashantgaonkar2@okhdfcbank UPI U@0310929 SYSTEM GENERATED,220.00,"234,771.47"
17/10/2020,           TRANSFER            UPI20201017000054948            029101999760 SWAPNIL JAGANNATH BHAGAT 919773144120 Q34013978@ybl 9773144120@paytm NA U@0309210 SYSTEM GENERATED,500.00,"234,551.47"
16/10/2020,           TRANSFER            UPI20201016000087740            029023749434 VIJAY BABAN CHANDANSHIVE 917506024798 q34013978@ybl vijaychandanshive1234@oksbi UPI U@0417172 SYSTEM GENERATED,560.00,"234,051.47"
16/10/2020,           TRANSFER            UPI20201016000086415            029023408905 AJAY ASHOK KUMAR NISHAD 918652304407 q34013978@ybl nishadajay1311-1@okaxis UPI U@0215074 SYSTEM GENERATED,700.00,"233,491.47"
16/10/2020,           TRANSFER            UPI20201016000068782            029019021071 SANTOSH RAJARAM KOTKAR 918097126233 q34013978@ybl santosh.3e@oksbi Self U@0512563 SYSTEM GENERATED,564.00,"232,791.47"
16/10/2020,           TRANSFER            UPI20201016000058671            029018686061 PRADIP SHIVAJI PATIL 918828952627 q34013978@ybl prakashpatil00786@okaxis UPI U@0510589 SYSTEM GENERATED,425.00,"232,227.47"
16/10/2020,           TRANSFER            UPI20201016000012446            029009278050 NARESH GOVIND POOJARY 919967750410 mdnshetty64@okaxis nareshpoojary2010@okicici UPI U@0502070 SYSTEM GENERATED,600.00,"231,802.47"
16/10/2020,           TRANSFER            UPI20201016000092649            029000232105 NARESH GOVIND POOJARY 919967750410 mdnshetty64@okaxis nareshpoojary2010@okicici UPI U@0500014 SYSTEM GENERATED,950.00,"231,202.47"
15/10/2020,           TRANSFER            UPI20201015000087338            028922907926 RAMESH JAGANNATH RAUT 919766675637 q34013978@ybl rameshjraut96@okaxis Daruu U@0517737 SYSTEM GENERATED,210.00,"230,252.47"
15/10/2020,           TRANSFER            UPI20201015000087160            028922993884 Rahul Shankar Thakur 918454878427 q34013978@ybl rahul78thakur93@okhdfcbank UPI U@0315575 SYSTEM GENERATED,120.00,"230,042.47"
15/10/2020,           TRANSFER            UPI20201015000085821            028972377333 SAHIL ARVIND SINGH 919987201404 Q34013978@ybl 9987201404@paytm NA U@0417137 SYSTEM GENERATED,720.00,"229,922.47"
15/10/2020,           TRANSFER            UPI20201015000085680            028909432218 RINKU MITHUN PURKASTO 917738958148 Q34013978@ybl 7738958148@ybl Payment from PhonePe U@0117406 SYSTEM GENERATED,130.00,"229,202.47"
15/10/2020,           TRANSFER            UPI20201015000085269            028922473896 SANTOSH SURESH SATHE 919324166841 q34013978@ybl sathesantosh18@okaxis UPI U@0117239 SYSTEM GENERATED,20.00,"229,072.47"
15/10/2020,           TRANSFER            UPI20201015000085197            028922455558 SANTOSH SURESH SATHE 919324166841 q34013978@ybl sathesantosh18@okaxis UPI U@0417009 SYSTEM GENERATED,170.00,"229,052.47"
15/10/2020,           TRANSFER            UPI20201015000084951            028922395246 VIJAY KERU BADAVANE 917977886062 q34013978@ybl vijaybadavane1998@okaxis UPI U@0517374 SYSTEM GENERATED,120.00,"228,882.47"
15/10/2020,           TRANSFER            UPI20201015000081175            028989192487 ANIL PIRAJI SUTAR 918828496131 Q34013978@ybl 8828496131@ybl Help U@0516274 SYSTEM GENERATED,847.00,"228,762.47"
15/10/2020,           TRANSFER            UPI20201015000080904            028921484325 PRAVIN SHASHIKANT SADAFULE 919594462691 q34013978@ybl sadafulepravin60@okaxis UPI U@0116526 SYSTEM GENERATED,200.00,"227,915.47"
15/10/2020,           TRANSFER            UPI20201015000075564            028920357353 NARESH GOVIND POOJARY 919967750410 q34013978@ybl nareshpoojary2010@okicici UPI U@0115542 SYSTEM GENERATED,"3,850.00","227,715.47"
15/10/2020,           TRANSFER            UPI20201015000075509            028920352656 Mr ANAND K SINGH GUHER 918369532424 q34013978@ybl anandguher57@okicici UPI U@0115509 SYSTEM GENERATED,250.00,"223,865.47"
15/10/2020,           TRANSFER            UPI20201015000074229            028920227008 NARESH GOVIND POOJARY 919967750410 mdnshetty64@okaxis nareshpoojary2010@okicici UPI U@0313452 SYSTEM GENERATED,230.00,"223,615.47"
15/10/2020,           TRANSFER            UPI20201015000071058            028984381999 JAVED AKBAR SHAIKH 919987174887 Q34013978@ybl 9987174887@ybl Payment from PhonePe U@0114692 SYSTEM GENERATED,480.00,"223,385.47"
15/10/2020,           TRANSFER            UPI20201015000063096            028967649957 SANJAY MISHRA 919619681138 Q34013978@ybl 9619681138@paytm NA U@0112514 SYSTEM GENERATED,820.00,"222,905.47"
15/10/2020,           TRANSFER            UPI20201015000060875            028918237553 SABIHA 919768716319 q34013978@ybl atiksabiha33@okicici UPI U@0412553 SYSTEM GENERATED,150.00,"222,085.47"
14/10/2020,           TRANSFER            UPI20201014000081163            028821002511 AKSHAY JAGGANATH SHINDE 919834915462 Q34013978@ybl 9834915462@ybl Payment from PhonePe U@0116065 SYSTEM GENERATED,120.00,"221,935.47"
14/10/2020,           TRANSFER            UPI20201014000078996            028882009820 JEETENDRA RAMESH BEHERA 919967917834 Q34013978@ybl 9967917834@ybl Payment from PhonePe U@0414084 SYSTEM GENERATED,160.00,"221,815.47"
14/10/2020,           TRANSFER            UPI20201014000075365            028821446743 Mr ANAND K SINGH GUHER 918369532424 q34013978@ybl anandguher57@okicici UPI U@0515063 SYSTEM GENERATED,80.00,"221,655.47"
14/10/2020,           TRANSFER            UPI20201014000060842            028819430364 PAVASKAR PRAKASH RAMCHANDRA 919594700725 q34013978@ybl prakashrpavaskar01@okicici UPI U@0410898 SYSTEM GENERATED,716.00,"221,575.47"
13/10/2020,           TRANSFER            UPI20201013000084728            028709872078 SACHIN BABAN BENGADE 918850640118 Q34013978@ybl 8850640118@ybl Payment from PhonePe U@0116221 SYSTEM GENERATED,150.00,"220,859.47"
13/10/2020,           TRANSFER            UPI20201013000078712            028721677710 UTTAM DASHARTH MENGADE 918291973031 q34013978@ybl uttam.mengade11-1@okaxis UPI U@0416425 SYSTEM GENERATED,660.00,"220,709.47"
13/10/2020,           TRANSFER            UPI20201013000073888            028720388477 JITESH UMASHANKAR JAISWAR 918850086059 q34013978@ybl jaisawarjitesh@okaxis UPI U@0415386 SYSTEM GENERATED,528.00,"220,049.47"
13/10/2020,           TRANSFER            UPI20201013000069195            028703014455 SANTOSH  DEVENDRA   RAPARTI 918655852165 Q34013978@ybl 8655852165@ybl Payment from PhonePe U@0113283 SYSTEM GENERATED,780.00,"219,521.47"
13/10/2020,           TRANSFER            UPI20201013000064960            028719416301 PRASHANT VIJAY GAONKAR 918286016749 q34013978@ybl prashantgaonkar2@okhdfcbank UPI U@0312238 SYSTEM GENERATED,640.00,"218,741.47"
12/10/2020,           TRANSFER            UPI20201012000246549            028783122799 MOHD HAMID SHAIKH 919867545648 Q34013978@ybl 9867545648@ybl Payment from PhonePe U@1025746 SYSTEM GENERATED,210.00,"218,101.47"
12/10/2020,           TRANSFER            UPI20201012000243615            028632102198 SACHIN BABAN BENGADE 918850640118 Q34013978@ybl 8850640118@ybl Payment from PhonePe U@1025159 SYSTEM GENERATED,180.00,"217,891.47"
12/10/2020,           TRANSFER            UPI20201012000242266            028671034626 MAHADEV BABURAO BORADE 919967292401 Q34013978@ybl 9967292401@ybl Payment from PhonePe U@0723419 SYSTEM GENERATED,170.00,"217,711.47"
12/10/2020,           TRANSFER            UPI20201012000230773            028620151952 NARESH GOVIND POOJARY 919967750410 q34013978@ybl nareshpoojary2010@okicici UPI U@0620666 SYSTEM GENERATED,480.00,"217,541.47"
12/10/2020,           TRANSFER            UPI20201012000228846            028620453366 Mr ANAND K SINGH GUHER 918369532424 q34013978@ybl anandguher57@okicici UPI U@0620255 SYSTEM GENERATED,334.00,"217,061.47"
12/10/2020,           TRANSFER            UPI20201012000226747            028666238260 DEEPAK BHAURAO BIRHADE 919699949119 Q34013978@ybl 9699949119@ybl Payment from PhonePe U@1021414 SYSTEM GENERATED,"1,020.00","216,727.47"
12/10/2020,           TRANSFER            UPI20201012000217168            028618411379 PANDURANG T WAGHMARE 917710888133 q34013978@ybl pandurangwaghmare07@okhdfcbank UPI U@0718003 SYSTEM GENERATED,180.00,"215,707.47"
12/10/2020,           TRANSFER            UPI20201012000210068            028617445404 BHASKAR MANI GOUNDAR KKBK0000960/919322268331 UPI U@0917152 SYSTEM GENERATED,"-3,000.00","215,527.47"
12/10/2020,           TRANSFER            UPI20201012000209997            028617426108 NARESH GOVIND POOJARY BARB0CHEMBU/919322268331 UPI U@0917103 SYSTEM GENERATED,-1.00,"218,527.47"
12/10/2020,           TRANSFER            UPI20201012000195207            028614180429 VISHAL PANDURANG KANK 918286911965 q34013978@ybl vishalkank4@okaxis UPI U@0814947 SYSTEM GENERATED,90.00,"218,528.47"
12/10/2020,           TRANSFER            UPI20201012000184267            028618188667 VIKRAM RAMCHANDRA HULWAN 919970594899 Q34013978@ybl 9970594899@ybl Payment from PhonePe U@0812824 SYSTEM GENERATED,230.00,"218,438.47"
12/10/2020,           TRANSFER            UPI20201012000168761            028600442079 NARESH GOVIND POOJARY 919967750410 q34013978@ybl nareshpoojary2010@okicici UPI U@0809792 SYSTEM GENERATED,"1,700.00","218,208.47"
12/10/2020,           TRANSFER            UPI20201012000164594            028583536806 AJINKYA DYNANESHWAR DESHMUKH 918356001802 Q34013978@ybl 8356001802@ybl Payment from PhonePe U@0908440 SYSTEM GENERATED,120.00,"216,508.47"
12/10/2020,           TRANSFER            UPI20201012000164015            028503823103 Mr Machindra Jagannath Pawar 919594891236 Q34013978@ybl 9594891236@ybl Payment from PhonePe U@1008424 SYSTEM GENERATED,180.00,"216,388.47"
12/10/2020,           TRANSFER            UPI20201012000164005            028522105038 NARESH GOVIND POOJARY 919967750410 q34013978@ybl nareshpoojary2010@okicici UPI U@0809192 SYSTEM GENERATED,"1,500.00","216,208.47"
12/10/2020,           TRANSFER            UPI20201012000163827            028522645759 SANDESH DNYANESHWAR THORAVE 919923519125 q34013978@ybl sandythorve16@okhdfcbank Pay U@1008332 SYSTEM GENERATED,170.00,"214,708.47"
12/10/2020,           TRANSFER            UPI20201012000163791            028522088185 Sanjay Kumar Patel 919136009282 q34013978@ybl sanjaypatel1015@okicici UPI U@1008306 SYSTEM GENERATED,200.00,"214,538.47"
12/10/2020,           TRANSFER            UPI20201012000160628            028521182665 SACHIN MACHINDRA PARHAD 919867468546 q34013978@ybl sachinparahad@okicici UPI U@0808515 SYSTEM GENERATED,522.00,"214,338.47"
12/10/2020,           TRANSFER            UPI20201012000160613            028521338980 MAYUR HARICHANDRA NAVSUPE 919082505967 q34013978@ybl mayur9supe95@okaxis UPI U@0706918 SYSTEM GENERATED,200.00,"213,816.47"
12/10/2020,           TRANSFER            UPI20201012000160562            028521167944 Mr ANAND K SINGH GUHER 918369532424 q34013978@ybl anandguher57@okicici UPI U@0706869 SYSTEM GENERATED,80.00,"213,616.47"
12/10/2020,           TRANSFER            UPI20201012000159961            028579469563 SHRIRANG KONDIBA KADAM 919702212016 Q34013978@ybl 9702212016@ybl Payment from PhonePe U@0706808 SYSTEM GENERATED,220.00,"213,536.47"
12/10/2020,           TRANSFER            UPI20201012000159269            028520281903 RAJU ANAND BHANDARI 919664783382 q34013978@ybl rajubhandari1999@okicici UPI U@0706710 SYSTEM GENERATED,150.00,"213,316.47"
12/10/2020,           TRANSFER            UPI20201012000159062            028544842967 ROHIT VIJAY JADHAV 919773020049 Q34013978@ybl 9773020049@ybl Payment from PhonePe U@0706680 SYSTEM GENERATED,730.00,"213,166.47"
12/10/2020,           TRANSFER            UPI20201012000158630            028520063932 Master YOGESH ASHOK BHALERAO 918828351117 q34013978@ybl yogeshbha006@okaxis UPI U@0907062 SYSTEM GENERATED,400.00,"212,436.47"
12/10/2020,           TRANSFER            UPI20201012000158525            028520064439 VIKAS BABURAO BADGER 919321214451 q34013978@ybl vikasbadger7@okicici UPI U@0607789 SYSTEM GENERATED,170.00,"212,036.47"
12/10/2020,           TRANSFER            UPI20201012000157761            028519540247 MAHESH K NAGARE 918828167310 q34013978@ybl maheshnagare91287@okaxis UPI U@1007126 SYSTEM GENERATED,170.00,"211,866.47"
12/10/2020,           TRANSFER            UPI20201012000157235            028519158607 SHIV KUMAR SO GANURAM 918689926653 q34013978@ybl shivakumarsinger1@okicici UPI U@1007040 SYSTEM GENERATED,200.00,"211,696.47"
12/10/2020,           TRANSFER            UPI20201012000157220            028545542183 ANUP LALJI GOSWAMI 917459914674 Q34013978@ybl 7459914674@ybl Nill U@1007025 SYSTEM GENERATED,400.00,"211,496.47"
12/10/2020,           TRANSFER            UPI20201012000152726            028517583475 AMANUDDIN FAKHRUDDIN KHAN 919987790321 q34013978@ybl aman987ff@okaxis UPI U@1006289 SYSTEM GENERATED,487.00,"211,096.47"
12/10/2020,           TRANSFER            UPI20201012000151900            028517995948 SACHIN JAYSING MANDHARE 919172070288 q34013978@ybl sachinmandhare6@okaxis UPI U@0606465 SYSTEM GENERATED,450.00,"210,609.47"
12/10/2020,           TRANSFER            UPI20201012000150261            028516764971 MURUGAN KOLANGI PERUMAL 918879752497 q34013978@ybl perumalmurugan16@okaxis UPI U@0704896 SYSTEM GENERATED,780.00,"210,159.47"
12/10/2020,           TRANSFER            UPI20201012000150134            028515811252 SAGAR SARJERAO KAMBALE 919987005464 q34013978@ybl sagar.kamble2661986@okhdfcbank UPI U@0606137 SYSTEM GENERATED,735.00,"209,379.47"
12/10/2020,           TRANSFER            UPI20201012000141091            028581220070 PRAKASH MAHIPATI KALANTRE 917039335937 Q34013978@ybl 7039335937@ybl Payment from PhonePe U@1003612 SYSTEM GENERATED,160.00,"208,644.47"
12/10/2020,           TRANSFER            UPI20201012000104337            028501362892 NARESH GOVIND POOJARY 919967750410 mdnshetty64@okaxis nareshpoojary2010@okicici UPI U@0319259 SYSTEM GENERATED,"1,100.00","208,484.47"
12/10/2020,           TRANSFER            UPI20201012000102244            028423129189 Mr ANAND K SINGH GUHER 918369532424 q34013978@ybl anandguher57@okicici UPI U@0520440 SYSTEM GENERATED,460.00,"207,384.47"
12/10/2020,           TRANSFER            UPI20201012000101872            028458820958 VILAS 919892734990 Q34013978@ybl 9892734990@ybl Payment from PhonePe U@0421213 SYSTEM GENERATED,330.00,"206,924.47"
12/10/2020,           TRANSFER            UPI20201012000101290            028423543366 RAHUL BALU CHAVAN 917666226551 q34013978@ybl rc6330277@okaxis UPI U@0420971 SYSTEM GENERATED,"1,223.00","206,594.47"
12/10/2020,           TRANSFER            UPI20201012000096553            028421475070 Mr SALMAN CHAND TAMBOLI 919699978822 mdnshetty64@okaxis tambolisalman97@okaxis Anaa U@0218771 SYSTEM GENERATED,850.00,"205,371.47"
12/10/2020,           TRANSFER            UPI20201012000096471            028421060670 SAGAR DILIP BHANDARE 918082641679 q34013978@ybl sagarbhandare73-1@okhdfcbank Dhdh U@0118746 SYSTEM GENERATED,180.00,"204,521.47"
12/10/2020,           TRANSFER            UPI20201012000093531            028485988884 AJIT WAGHMARE 919004300397 Q34013978@ybl 9004300397@ybl Payment from PhonePe U@0218132 SYSTEM GENERATED,230.00,"204,341.47"
12/10/2020,           TRANSFER            UPI20201012000091004            028420673727 SHIVAM TEMPO DAILY SERVICES 919594313072 q34013978@ybl bajiraowaingde@oksbi UPI U@0217480 SYSTEM GENERATED,250.00,"204,111.47"
12/10/2020,           TRANSFER            UPI20201012000090771            028420227786 AKSHAY ANANDA BENGAD 917887741090 mdnshetty64@okaxis akshaybengade9597@okaxis UPI U@0316826 SYSTEM GENERATED,200.00,"203,861.47"
12/10/2020,           TRANSFER            UPI20201012000090606            028429528053 ASIF MUSTAFA SHAIKH 918828233307 Q34013978@ybl 8828233307@ybl Payment from PhonePe U@0316736 SYSTEM GENERATED,180.00,"203,661.47"
12/10/2020,           TRANSFER            UPI20201012000090343            028481402838 ASIF MUSTAFA SHAIKH 918828233307 Q34013978@ybl 8828233307@ybl Payment from PhonePe U@0117200 SYSTEM GENERATED,70.00,"203,481.47"
12/10/2020,           TRANSFER            UPI20201012000085713            028420087574 SHANKAR SAKHARAM DALVI 919552203987 q34013978@ybl shankar.dalvi1986@okaxis UPI U@0216424 SYSTEM GENERATED,385.00,"203,411.47"
12/10/2020,           TRANSFER            UPI20201012000074645            028418159537 VIKRAM RAMCHANDRA HULWAN 919970594899 q34013978@ybl hulwanvikram282@oksbi UPI U@0415710 SYSTEM GENERATED,260.00,"203,026.47"
12/10/2020,           TRANSFER            UPI20201012000028329            028412480935 SANTOSH BABAN KOLGE 918291105228 q34013978@ybl santoshkolge734@okicici UPI U@0305971 SYSTEM GENERATED,960.00,"202,766.47"
09/10/2020,           TRANSFER            UPI20201009000090807            028383780064 RUSHIKESH VILAS GAIKAWAD 918655377726 Q34013978@ybl 8655377726@ybl Payment from PhonePe U@0418802 SYSTEM GENERATED,"2,116.00","201,806.47"
09/10/2020,           TRANSFER            UPI20201009000090749            028323013848 YUVRAJ BHOSLE 919773003889 q34013978@ybl yuvrajbhosale145@okicici UPI U@0116504 SYSTEM GENERATED,30.00,"199,690.47"
09/10/2020,           TRANSFER            UPI20201009000090730            028323011473 YUVRAJ BHOSLE 919773003889 q34013978@ybl yuvrajbhosale145@okicici UPI U@0318030 SYSTEM GENERATED,150.00,"199,660.47"
09/10/2020,           TRANSFER            UPI20201009000084035            028321917534 SANJAY BANSHI SHINDE 919833397741 mdnshetty64@okaxis sanjayshinde1100@okhdfcbank UPI U@0516215 SYSTEM GENERATED,690.00,"199,510.47"
09/10/2020,           TRANSFER            UPI20201009000083866            028321297528 ARVIND BAJRANG PINGALE 918369036173 q34013978@ybl arvindpingale1-1@okaxis UPI U@0516165 SYSTEM GENERATED,880.00,"198,820.47"
09/10/2020,           TRANSFER            UPI20201009000083210            028321148896 DEEPAK NAMDEV SAWANT 919594346200 q34013978@ybl sawantd396@okaxis UPI U@0316391 SYSTEM GENERATED,785.00,"197,940.47"
09/10/2020,           TRANSFER            UPI20201009000078565            028320374530 VIKRAM RAMCHANDRA HULWAN 919970594899 q34013978@ybl hulwanvikram282@oksbi UPI U@0315311 SYSTEM GENERATED,258.00,"197,155.47"
09/10/2020,           TRANSFER            UPI20201009000049217            028316723996 VIKRAM RAMCHANDRA HULWAN 919970594899 q34013978@ybl hulwanvikram282@oksbi UPI U@0510219 SYSTEM GENERATED,340.00,"196,897.47"
09/10/2020,           TRANSFER            UPI20201009000040520            028314258827 DEEPAK MADHUKAR DHAWADE 918422848464 q34013978@ybl deepakdhawade1211@okaxis UPI U@0107734 SYSTEM GENERATED,270.00,"196,557.47"
08/10/2020,           TRANSFER            UPI20201008000028137            028212946905 SATI MATA MEDICAL AND GENERAL STORE UTIB0000000/919322268331 UPI U@0406021 SYSTEM GENERATED,"-1,060.00","196,287.47"
07/10/2020,           TRANSFER            UPI20201007000095009            028143858026 Ramesh Tukaram Awari 919370069429 Q34013978@ybl 9370069429@ybl Payment from PhonePe U@0319932 SYSTEM GENERATED,10.00,"197,347.47"
07/10/2020,           TRANSFER            UPI20201007000094910            028170919087 Ramesh Tukaram Awari 919370069429 Q34013978@ybl 9370069429@ybl Payment from PhonePe U@0118100 SYSTEM GENERATED,270.00,"197,337.47"
07/10/2020,           TRANSFER            UPI20201007000089747            028121022066 SACHIN MACHINDRA PARHAD 919867468546 q34013978@ybl sachinparahad@okicici UPI U@0518703 SYSTEM GENERATED,540.00,"197,067.47"
07/10/2020,           TRANSFER            UPI20201007000088995            028121449611 VISHAL BABURAO SAPKAL 919881992151 q34013978@ybl sapkalvishal42@okicici UPI U@0117033 SYSTEM GENERATED,110.00,"196,527.47"
07/10/2020,           TRANSFER            UPI20201007000086840            028172168681 TUKARAM BHAGUJI BAVADHANE 919833503444 Q34013978@ybl 9833503444@ybl Payment from PhonePe U@0416395 SYSTEM GENERATED,615.00,"196,417.47"
07/10/2020,           TRANSFER            UPI20201007000086583            028121352227 Mr SALMAN CHAND TAMBOLI 919699978822 mdnshetty64@okaxis tambolisalman97@okaxis Anna U@0215792 SYSTEM GENERATED,800.00,"195,802.47"
07/10/2020,           TRANSFER            UPI20201007000086467            028121186571 VISHAL BABURAO SAPKAL 919881992151 q34013978@ybl sapkalvishal42@okicici UPI U@0116367 SYSTEM GENERATED,150.00,"195,002.47"
07/10/2020,           TRANSFER            UPI20201007000085432            028192211442 ROHIT JAYPAL CHAUHAN 919702156515 Q34013978@ybl 9702156515@ybl Payment from PhonePe U@0318165 SYSTEM GENERATED,170.00,"194,852.47"
07/10/2020,           TRANSFER            UPI20201007000084771            028138754535 ROHIT JAYPAL CHAUHAN 919702156515 Q34013978@ybl 9702156515@ybl Payment from PhonePe U@0215344 SYSTEM GENERATED,180.00,"194,682.47"
07/10/2020,           TRANSFER            UPI20201007000078733            028120828272 GANESH P DEVGUDE 919967455034 q34013978@ybl ganeshdevgude7260@okaxis UPI U@0114954 SYSTEM GENERATED,694.00,"194,502.47"
06/10/2020,           TRANSFER            UPI20201006000089741            028022491736 PUNIT VIJAY TAK 919967736074 q34013978@ybl punittak12@okicici UPI U@0316861 SYSTEM GENERATED,500.00,"193,808.47"
06/10/2020,           TRANSFER            UPI20201006000088988            028019346377 AJIT ARJUN INGLE 919359550384 Q34013978@ybl 9359550384@ybl Payment from PhonePe U@0218244 SYSTEM GENERATED,400.00,"193,308.47"
06/10/2020,           TRANSFER            UPI20201006000083106            028021385637 PUNIT VIJAY TAK 919967736074 q34013978@ybl punittak12@okicici UPI U@0515788 SYSTEM GENERATED,450.00,"192,908.47"
06/10/2020,           TRANSFER            UPI20201006000082706            028002309211 PINTU RAJBHAR 919029507114 Q34013978@ybl 9029507114@ybl Payment from PhonePe U@0217367 SYSTEM GENERATED,290.00,"192,458.47"
06/10/2020,           TRANSFER            UPI20201006000082461            028001263216 PRASHANT DADASO KUNDALAPURE 919321529106 Q34013978@ybl 9321529106@ybl Payment from PhonePe U@0217232 SYSTEM GENERATED,160.00,"192,168.47"
06/10/2020,           TRANSFER            UPI20201006000079664            028016422973 SANDEEP EKNATH SANAS 918898191891 Q34013978@ybl sandeepsanas@paytm NA U@0314937 SYSTEM GENERATED,230.00,"192,008.47"
06/10/2020,           TRANSFER            UPI20201006000079331            028062561610 DHANAJI VILAS PAWAR 918779715359 Q34013978@ybl 8779715359@ybl Payment from PhonePe U@0515121 SYSTEM GENERATED,130.00,"191,778.47"
06/10/2020,           TRANSFER            UPI20201006000070151            028019449688 ANIL PIRAJI SUTAR 918828496131 q34013978@ybl anilsutar377@okhdfcbank UPI U@0413779 SYSTEM GENERATED,640.00,"191,648.47"
06/10/2020,           TRANSFER            UPI20201006000065345            028018074476 SUSHIL BALA TUMBRE 918268086118 q34013978@ybl sushil.tumbre@okhdfcbank UPI U@0412608 SYSTEM GENERATED,298.00,"191,008.47"
06/10/2020,           TRANSFER            UPI20201006000063445            028018200781 AMIT RAKSHE 919405030753 q34013978@ybl raksheamit6@okicici UPI U@0213424 SYSTEM GENERATED,468.00,"190,710.47"
06/10/2020,           TRANSFER            UPI20201006000063072            028002992957 Nanjunda Shivapa Gowda 919892463339 Q34013978@ybl 9892463339@ybl Payment from PhonePe U@0311664 SYSTEM GENERATED,130.00,"190,242.47"
06/10/2020,           TRANSFER            UPI20201006000044031            028050220759 TIPULE KANIFNATH 919284475682 Q34013978@ybl 9284475682@ybl Payment from PhonePe U@0109073 SYSTEM GENERATED,581.00,"190,112.47"
06/10/2020,           TRANSFER            UPI20201006000041740            028014169141 RAVI SHANMUKHA MEDAR 917400293529 q34013978@ybl ravimedar1590@okicici UPI U@0108497 SYSTEM GENERATED,"1,216.00","189,531.47"
05/10/2020,           TRANSFER            UPI20201005000187856            027923594768 Mr SHAHAJI VASANT RANE 917506898741 q34013978@ybl sanskarrane2017@okaxis UPI U@0336802 SYSTEM GENERATED,70.00,"188,315.47"
05/10/2020,           TRANSFER            UPI20201005000187701            027923556586 Mr LAVKUMAR SITARAM MANE 919920988141 q34013978@ybl lavmane1234@okaxis UPI U@0336737 SYSTEM GENERATED,20.00,"188,245.47"
05/10/2020,           TRANSFER            UPI20201005000187656            027922543444 Mr LAVKUMAR SITARAM MANE 919920988141 q34013978@ybl lavmane1234@okaxis UPI U@0336713 SYSTEM GENERATED,100.00,"188,225.47"
05/10/2020,           TRANSFER            UPI20201005000186032            027922137103 DHAIRYASHIL RAMESH SANKPAL 919730731684 q34013978@ybl dhairyashilsankpal6307-1@okicici UPI U@0536943 SYSTEM GENERATED,170.00,"188,125.47"
05/10/2020,           TRANSFER            UPI20201005000184838            027922934707 Mr LAVKUMAR SITARAM MANE 919920988141 q34013978@ybl lavmane1234@okaxis UPI U@0236780 SYSTEM GENERATED,420.00,"187,955.47"
05/10/2020,           TRANSFER            UPI20201005000184322            027966641704 ANKESH GAMA VERMA 917236033433 Q34013978@ybl 7236033433@ybl Payment from PhonePe U@0136303 SYSTEM GENERATED,220.00,"187,535.47"
05/10/2020,           TRANSFER            UPI20201005000181338            027921216368 SANTOSH BABAN KOLGE 918291105228 q34013978@ybl santoshkolge734@okicici 440 U@0135701 SYSTEM GENERATED,440.00,"187,315.47"
05/10/2020,           TRANSFER            UPI20201005000179563            027943927523 Mr AMAR SUBHASH JADHAV 919082952060 Q34013978@ybl 9082952060@ybl Payment from PhonePe U@0135346 SYSTEM GENERATED,200.00,"186,875.47"
05/10/2020,           CHEQUE DEPOSIT    221849            Location:MUMBAI            CITI BANK            ISSD BY:FRANKLIN TEMPLET Z1BM00395 SYSTEM GENERATED,"2,000.00","186,675.47"
05/10/2020,           TRANSFER            UPI20201005000175212            027920067319 VISHAL BABURAO SAPKAL 919881992151 q34013978@ybl sapkalvishal42@okicici UPI U@0434517 SYSTEM GENERATED,100.00,"184,675.47"
05/10/2020,           TRANSFER            UPI20201005000175022            027969503393 RAHUL RANGARAO MAGADUM 917977808457 Q34013978@ybl 7977808457@ybl Payment from PhonePe U@0234714 SYSTEM GENERATED,400.00,"184,575.47"
05/10/2020,           TRANSFER            UPI20201005000158117            027995878306 SANDEEP EKNATH SANAS 918898191891 Q34013978@ybl sandeepsanas@paytm NA U@0531656 SYSTEM GENERATED,290.00,"184,175.47"
05/10/2020,           TRANSFER            UPI20201005000134804            027914589319 VIKRAM RAMCHANDRA HULWAN 919970594899 q34013978@ybl hulwanvikram282@oksbi UPI U@0426730 SYSTEM GENERATED,350.00,"183,885.47"
05/10/2020,           TRANSFER            UPI20201005000125539            027912870264 SANJAY BANSHI SHINDE 919833397741 mdnshetty64@okaxis sanjayshinde1100@okhdfcbank UPI U@0323749 SYSTEM GENERATED,460.00,"183,535.47"
05/10/2020,           TRANSFER            UPI20201005000090663            027823229109 NITIN VASANT ROKADE 919870564815 q34013978@ybl nitinrokade121287@okicici UPI U@0418402 SYSTEM GENERATED,820.00,"183,075.47"
05/10/2020,           TRANSFER            UPI20201005000084935            027821249134 Mr ANAND K SINGH GUHER 918369532424 q34013978@ybl anandguher57@okicici UPI U@0517534 SYSTEM GENERATED,200.00,"182,255.47"
05/10/2020,           TRANSFER            UPI20201005000079695            027820871253 GANESH ANIL SHARMA 919768968455 q34013978@ybl ganeshsharma95@kotak NA U@0416258 SYSTEM GENERATED,180.00,"182,055.47"
05/10/2020,           TRANSFER            UPI20201005000079358            027820803084 SANDEEP MADHUKAR PAWAR 919769332175 q34013978@ybl sandeeppawar8850-1@oksbi UPI U@0115210 SYSTEM GENERATED,200.00,"181,875.47"
05/10/2020,           TRANSFER            UPI20201005000076125            027834962840 SHINGOTE POPAT DATTATRAYA 918652649248 Q34013978@ybl 8652649248@ybl Payment from PhonePe U@0515653 SYSTEM GENERATED,500.00,"181,675.47"
03/10/2020,           TRANSFER            UPI20201003000198317            027766370343 VIJAY UTTAM WAGHMARE 917738430849 Q34013978@ybl 7738430849@ybl Payment from PhonePe U@0239741 SYSTEM GENERATED,880.00,"181,175.47"
03/10/2020,           TRANSFER            UPI20201003000195421            027720509140 JADHAV PRATHAMESH NARESH 918689866704 q34013978@ybl jadhavprathamesh346@okaxis UPI U@0239260 SYSTEM GENERATED,220.00,"180,295.47"
03/10/2020,           TRANSFER            UPI20201003000192873            027720105795 KISAN DADARAO BHOLE 918928305622 q34013978@ybl bholekishor3-1@okicici UPI U@0437907 SYSTEM GENERATED,240.00,"180,075.47"
03/10/2020,           TRANSFER            UPI20201003000190595            027786949337 SUJEET KUMAR GAUD 918291666015 Q34013978@ybl 8291666015@ybl Transfer to bar U@0437297 SYSTEM GENERATED,220.00,"179,835.47"
03/10/2020,           TRANSFER            UPI20201003000190144            027714474298 AKASH HARICHANDRA MOHITE 918652572147 Q34013978@ybl akashharishchandra1@ybl Payment from PhonePe U@0637851 SYSTEM GENERATED,440.00,"179,615.47"
03/10/2020,           TRANSFER            UPI20201003000186224            027719600168 VIKRAM RAMCHANDRA HULWAN 919970594899 q34013978@ybl hulwanvikram282@oksbi UPI U@0237360 SYSTEM GENERATED,210.00,"179,175.47"
03/10/2020,           TRANSFER            UPI20201003000151254            027714794323 VIKRAM RAMCHANDRA HULWAN 919970594899 q34013978@ybl hulwanvikram282@oksbi UPI U@0230064 SYSTEM GENERATED,210.00,"178,965.47"
03/10/2020,           TRANSFER            UPI20201003000096665            027622861348 SATI MATA MEDICAL AND GENERAL STORE UTIB0000000/919322268331 UPI U@0520567 SYSTEM GENERATED,"-1,100.00","178,755.47"
01/10/2020,           TRANSFER            UPI20201001000106239            027523077061 SURESH HINDURAO MORE 919769171098 q34013978@ybl sureshmore111222-1@okaxis UPI U@0521750 SYSTEM GENERATED,750.00,"179,855.47"
01/10/2020,           TRANSFER            UPI20201001000105756            027523040482 JITENDRA DINESH KEER 919702006154 q34013978@ybl keerjitendar9939@okaxis UPI U@0119061 SYSTEM GENERATED,750.00,"179,105.47"
01/10/2020,           INTEREST            CREDIT INTEREST ZDD400200 SYSTEM GENERATED,"1,048.41","178,355.47"
01/10/2020,           TRANSFER            UPI20201001000102965            027522452500 DEEPAK MADHUKAR DHAWADE 918422848464 q34013978@ybl deepakdhawade1211@okaxis UPI U@0320440 SYSTEM GENERATED,578.00,"177,307.06"
01/10/2020,           TRANSFER            UPI20201001000099835            027522284122 SANDEEP EKNATH SANAS 918898191891 q34013978@ybl sandeepsanas1986@okhdfcbank UPI U@0520405 SYSTEM GENERATED,110.00,"176,729.06"
01/10/2020,           TRANSFER            UPI20201001000099509            027522441936 PUNAM RAJESH AMBRE 919224074173 q34013978@ybl punam89sanvi-2@okicici UPI U@0420349 SYSTEM GENERATED,688.00,"176,619.06"
01/10/2020,           TRANSFER            UPI20201001000047931            027514545341 RAVINDRA ARUN KAMBLE 919870119996 q34013978@ybl ravikamble82@okaxis UPI U@0109301 SYSTEM GENERATED,"1,800.00","175,931.06"
